"";"Estado";"emp";"seg";"dep";"PL";"lucros";"gov_ca";"gov_cf";"gov_aud";"maior_rem";"plr_rva";"Dividendos";"Subvenção";"Reforço de Capital";"Resultado para o Estado Acionista";"setor";"Nome_estado";"REGIAO"
"1";"TO";"COMPANHIA IMOBILIÁRIA DO ESTADO DO TOCANTINS - TERRATINS";"SETOR IMOBILIÁRIO";"Não Dependente";52017534,87;8014173,8;"SIM";"SIM";"SIM";"0";"NÃO";0;344570,09;NA;-344570,09;"IMOBILIÁRIO";"Tocantins";"Norte"
"2";"TO";"AGÊNCIA DE FOMENTO DO ESTADO DO TOCANTINS S/A";"FINANCEIRO";"Não Dependente";15393630,53;-3286150,95;"SIM";"SIM";"SIM";"0";"NÃO";0;0;1700000;-1700000;"FINANCEIRO";"Tocantins";"Norte"
"3";"PI";"CMTP";"TRANSPORTES";"Dependente";20200000;236800;"SIM";"SIM";"NÃO";"9400";"NÃO";0;4300000;0;-4300000;"TRANSPORTES";"Piauí";"Nordeste"
"4";"PI";"COMPANHIA ADMINISTRADORA DA ZONA DE PROCESSAMENTO DE EXPORTACAO DE PARNAIBA-PI S/A";"DESENVOLVIMENTO";"Dependente";-881065,16;-3207392,21;"SIM";"SIM";"SIM";"9800";"NÃO";0;0;3093241,11;-3093241,11;"DESENVOLVIMENTO";"Piauí";"Nordeste"
"5";"PI";"COMPANHIA DE TERMINAIS ALFANDEGADOS DO ESTADO DO PIAUÍ";"OUTRO";"Dependente";249682,28;1146889,81;"SIM";"SIM";"SIM";"9500";"NÃO";0;0;982100;-982100;"OUTRO";"Piauí";"Nordeste"
"6";"PI";"EMPRESA DE GESTÃO DE RECURSOS DO ESATDO DO PIAUÍ - EMGERPI";"SERVIÇOS PÚBLICOS";"Dependente";7065241,88;-18202278,64;"SIM";"SIM";"NÃO";"17985";"NÃO";0;82604504;27450819;-110055323;"SERVIÇOS PÚBLICOS";"Piauí";"Nordeste"
"7";"PI";"Companhia de Gás do Piaui - GASPISA";"DISTRIBUIÇÃO DE GÁS";"Dependente";63007,07;-4187490,46;"SIM";"SIM";"NÃO";"6000";"NÃO";0;0;191250;-191250;"DISTRIBUIÇÃO DE GÁS";"Piauí";"Nordeste"
"8";"PI";"Agência de Fomento e Desenvolvimento do Estado do Piauí S.A - PIAUÍ FOMENTO";"FINANCEIRO";"Não Dependente";9262404,5;-1572033,96;"SIM";"SIM";"SIM";"12000";"NÃO";0;0;0;0;"FINANCEIRO";"Piauí";"Nordeste"
"9";"PI";"ÁGUAS E ESGOTOS DO PIAUÍ S/A- AGESPISA";"SANEAMENTO";"Não Dependente";848595621,46;169203653,4;"SIM";"SIM";"SIM";"44670.68";"NÃO";0;-34408805,47;34408805,47;0;"SANEAMENTO";"Piauí";"Nordeste"
"10";"MA";"GASMAR";NA;"Não Dependente";NA;13377000;NA;NA;NA;NA;NA;4054000;NA;NA;4054000;"OUTRO";"Maranhão";"Nordeste"
"11";"MA";"EMAP";NA;"Não Dependente";NA;56818336,17;NA;NA;NA;NA;NA;NA;NA;NA;0;"OUTRO";"Maranhão";"Nordeste"
"12";"MA";"MAPA";NA;"Dependente";NA;-9117270,11;NA;NA;NA;NA;NA;NA;56706094,12;NA;-56706094,12;"OUTRO";"Maranhão";"Nordeste"
"13";"MA";"CAEMA";NA;"Não Dependente";NA;-148048761,5;NA;NA;NA;NA;NA;NA;NA;13293039,76;-13293039,76;"SANEAMENTO";"Maranhão";"Nordeste"
"14";"RN";"AGÊNCIA DE FOMENTO DO RIO GRANDE DO NORTE S/A";"FINANCEIRO";"Não Dependente";44603407,14;1561324,34;"SIM";"SIM";"NÃO";"14080.09";"NÃO";NA;NA;NA;0;"FINANCEIRO";"Rio Grande Do Norte";"Nordeste"
"15";"RN";"CENTRAIS DE ABASTECIMENTO DO RIO GRANDE DO NORTE - S/A";"ABASTECIMENTO";"Dependente";586894,15;166315,55;"SIM";"SIM";"NÃO";NA;"NÃO";0;8374826,55;0;-8374826,55;"ABASTECIMENTO";"Rio Grande Do Norte";"Nordeste"
"16";"RN";"CEHAB - COMPANHIA ESTADUAL DE HABITACAO E DESENVOLVIMENTO URBANO";"URBANIZAÇÃO";"Dependente";13845659;248334;"SIM";"SIM";"NÃO";"7626.13";"NÃO";NA;NA;NA;0;"URBANIZAÇÃO";"Rio Grande Do Norte";"Nordeste"
"17";"RN";"EMPARN - EMPRESA DE PESQUISA AGROPECUÁRIA DO RIO GRANDE DO NORTE S/A";"PESQUISA";"Dependente";1693900;-1143136;"SIM";"SIM";"NÃO";"20512.09";"NÃO";0;14498476,34;NA;-14498476,34;"PESQUISA";"Rio Grande Do Norte";"Nordeste"
"18";"RN";"COMPANHIA POTIGUAR DE GÁS - POTIGÁS";"DISTRIBUIÇÃO DE GÁS";"Não Dependente";73251000;19358000;"SIM";"SIM";"SIM";"22059";"SIM";2458603;NA;NA;2458603;"DISTRIBUIÇÃO DE GÁS";"Rio Grande Do Norte";"Nordeste"
"19";"RN";"EMPRESA POTIGUAR DE PROMOÇÃO TURÍSTICA S/A - EMPROTUR";"OUTRO";"Dependente";1660726,62;-1075220,55;"SIM";"SIM";"SIM";"7862.5";"NÃO";0;4693958,81;0;-4693958,81;"OUTRO";"Rio Grande Do Norte";"Nordeste"
"20";"RN";"COMPANHIA DE ÁGUAS E ESGOTOS DO RIO GRANDE DO NORTE - CAERN";"SANEAMENTO";"Não Dependente";2307683547,23;28810661,2999999;"SIM";"SIM";"SIM";"12025";"SIM";0;0;542674809,46;-542674809,46;"SANEAMENTO";"Rio Grande Do Norte";"Nordeste"
"21";"RN";"EMPRESA GESTORA DE ATIVOS DO RIO GRANDE DO NORTE - EMGERN";"GESTÃO DE ATIVOS";"Não Dependente";79185,78;0;"SIM";"SIM";"NÃO";"13376.09";"NÃO";NA;NA;NA;0;"GESTÃO DE ATIVOS";"Rio Grande Do Norte";"Nordeste"
"22";"RN";"COMPANHIA DE PROCESSAMENTO DE DADOS DO RIO GRANDE DO NORTE - DATANORTE";"SERVIÇOS PÚBLICOS";"Dependente";-60426460;1045170;"SIM";"SIM";"NÃO";"13376.08";"NÃO";0;2820494;NA;-2820494;"SERVIÇOS PÚBLICOS";"Rio Grande Do Norte";"Nordeste"
"23";"AC";"Banco do Estado do Acre S/A - BANACRE - Em Liquidação Ordinária";"Financeiro";"Dependente";22460,21;-6773,8;NA;NA;NA;NA;"Não";0;1440210,71;0;-1440210,71;"FINANCEIRO";"Acre";"Norte"
"24";"AC";"Companhia de Armazéns e Entrepostos do Acre - CAGEACRE";"Serviços Públicos";"Dependente";-1759067,42;1139564,02;NA;NA;NA;NA;"Não";0;7477793,74;0;-7477793,74;"SERVIÇOS PÚBLICOS";"Acre";"Norte"
"25";"AC";"Companhia de Colonização do Acre - COLONACRE";"Abastecimento";"Dependente";36984,59;45152,41;NA;NA;NA;NA;"Não";0;6899;0;-6899;"ABASTECIMENTO";"Acre";"Norte"
"26";"AC";"Companhia de Desenvolvimento Industrial do Acre - CODISACRE";"Serviços Públicos";"Dependente";-3610523,11;646200,13;NA;NA;NA;NA;"Não";0;3166108,09;0;-3166108,09;"SERVIÇOS PÚBLICOS";"Acre";"Norte"
"27";"AC";"Companhia de Saneamento do Acre - SANACRE";"Saneamento";"Dependente";-12577216,81;2638119,57;NA;NA;NA;NA;"Não";0;3195783,52;0;-3195783,52;"SANEAMENTO";"Acre";"Norte"
"28";"AC";"Companhia Industrial de Laticínios do Acre - CILA";"Serviços Públicos";"Dependente";-841442,01;125563,78;NA;NA;NA;NA;"Não";0;1030473,72;0;-1030473,72;"SERVIÇOS PÚBLICOS";"Acre";"Norte"
"29";"AC";"Empresa de Processamento de Dados do Acre S/A - ACREDATA";"Informática";"Dependente";-7969368,2;1482620,85;NA;NA;NA;NA;"Não";0;7872421,47;0;-7872421,47;"INFORMÁTICA";"Acre";"Norte"
"30";"AL";"Agência de Fomento de Alagoas S/A - DESENVOLVE";"DESENVOLVIMENTO";"Dependente";35547000;-4633000;"SIM";"SIM";"SIM";NA;"NÃO";NA;NA;NA;NA;"DESENVOLVIMENTO";"Alagoas";"Nordeste"
"31";"AL";"ALAGOAS ATIVOS S.A";"GESTÃO DE ATIVOS";"Não Dependente";2040425,16;-7988433;"SIM";"SIM";"NÃO";"19950";"NÃO";NA;NA;NA;NA;"GESTÃO DE ATIVOS";"Alagoas";"Nordeste"
"32";"AL";"Banco do Estado de Alagoas - PRODUBAN";"FINANCEIRO";"Dependente";2297000;1669000;"NÃO";"NÃO";"NÃO";NA;"NÃO";NA;NA;NA;NA;"FINANCEIRO";"Alagoas";"Nordeste"
"33";"AL";"Companhia Alagoana de Recursos Humanos e Patrimoniais - CARHP";"SERVIÇOS PÚBLICOS";"Dependente";NA;NA;"SIM";"SIM";"NÃO";NA;"NÃO";NA;NA;NA;NA;"SERVIÇOS PÚBLICOS";"Alagoas";"Nordeste"
"34";"AL";"COMPANHIA DE EDIÇÃO, IMPRESSÃO E PUBLICAÇÃO DE ALAGOAS - CEPAL";"OUTRO";"Não Dependente";9232293,54;NA;"SIM";"SIM";"NÃO";NA;"NÃO";NA;NA;NA;NA;"OUTRO";"Alagoas";"Nordeste"
"35";"AL";"COMPANHIA DE SANEAMENTO DE ALAGOAS - CASAL";"SANEAMENTO";"Não Dependente";NA;NA;"SIM";"SIM";"SIM";NA;NA;NA;NA;NA;NA;"SANEAMENTO";"Alagoas";"Nordeste"
"36";"AL";"GAS DE ALAGOAS S/A - ALGAS";"DISTRIBUIÇÃO DE GÁS";"Não Dependente";84286000;NA;"SIM";"SIM";"SIM";NA;NA;NA;NA;NA;NA;"DISTRIBUIÇÃO DE GÁS";"Alagoas";"Nordeste"
"37";"AL";"LABORATORIO INDUSTRIAL FARMACEUTICO DE ALAGOAS - LIFAL";"SAÚDE";"Dependente";28582517,06;NA;"NÃO";"SIM";"NÃO";NA;"NÃO";NA;NA;NA;NA;"SAÚDE";"Alagoas";"Nordeste"
"38";"AL";"Serviços de Engenharia do Estado de Alagoas - SERVEAL";"ASSISTENCIA TÉCNICA";"Dependente";NA;NA;"SIM";"SIM";"NÃO";NA;"NÃO";NA;NA;NA;NA;"ASSISTÊNCIA TÉCNICA";"Alagoas";"Nordeste"
"39";"AM";"Agência de Desenvolvimento Sustentável do Amazonas - ADS";"Outro";"Dependente";-3383107,45;756219,26;"Sim";"Sim";"Não";"32400";"Não";0;88606777,81;0;-88606777,81;"OUTRO";"Amazonas";"Norte"
"40";"AM";"Agência de Fomento do Estado do Amazonas S.A. - AFEAM";"Outro";"Não Dependente";90524531,3;4924378,8;"Sim";"Sim";"Sim";"28671.89";"Não";0;0;0;0;"OUTRO";"Amazonas";"Norte"
"41";"AM";"Companhia de Desenvolvimento do Estado do Amazonas - CIAMA";"Desenvolvimento";"Não Dependente";49238864,54;-823380,03;"Sim";"Sim";"Não";"28060";"Não";0;0;2314326,62;-2314326,62;"DESENVOLVIMENTO";"Amazonas";"Norte"
"42";"AM";"Companhia de Gás do Amazonas - CIGÁS";"Serviços Públicos";"Não Dependente";176770064,41;60140382;"Sim";"Sim";"Não";"28000";"Sim";50546914,49;0;0;50546914,49;"SERVIÇOS PÚBLICOS";"Amazonas";"Norte"
"43";"AM";"Companhia de Saneamento do Amazonas - COSAMA";"Saneamento";"Dependente";-1779107,39;-11977008,71;"Sim";"Sim";"Não";"24957.63";"Não";0;23323521,74;2104242,86;-25427764,6;"SANEAMENTO";"Amazonas";"Norte"
"44";"AM";"Empresa Estadual de Turismo do Amazonas - Amazonastur";"Outro";"Dependente";6057212,37;-411573,87;"Sim";"Sim";"Não";"25254";"Não";0;22852591,86;0;-22852591,86;"OUTRO";"Amazonas";"Norte"
"45";"AM";"PR0DAM - Processamento de Dados Amazonas S/A";"Informática";"Não Dependente";41971469,99;-8717407,56;"Sim";"Sim";"Não";"39760.6";"Não";0;0;0;0;"INFORMÁTICA";"Amazonas";"Norte"
"46";"BA";"Agência de Fomento do Estado da Bahia S.A. - DESENBAHIA";"FINANCEIRO";"Não Dependente";576700938,46;16002591,79;"SIM";"SIM";"SIM";"24947";"SIM";1761120,18;NA;NA;NA;"FINANCEIRO";"Bahia";"Nordeste"
"47";"BA";"BAHIA PESCA S/A";"SERVIÇOS PÚBLICOS";"Dependente";-6741153,74;-452749;"SIM";"SIM";"NÃO";"19829.71";"NÃO";NA;18582325,68;NA;NA;"SERVIÇOS PÚBLICOS";"Bahia";"Nordeste"
"48";"BA";"BAHIAINVESTE - Empresa Baiaina de Ativos S/A";"GESTÃO DE ATIVOS";"Não Dependente";-788000;2946000;"SIM";"SIM";"NÃO";"17423";"NÃO";0;0;0;0;"GESTÃO DE ATIVOS";"Bahia";"Nordeste"
"49";"BA";"CIA DE ENGENHARIA HÍDRICA E DE SANEAMENTO DA BAHIA - CERB";"SANEAMENTO";"Dependente";6875526,26;1195348,76;"SIM";"SIM";NA;"17859.14";"SIM";NA;102341820,87;NA;NA;"SANEAMENTO";"Bahia";"Nordeste"
"50";"BA";"COMPANHIA BAIANA DE PESQUISA MINERAL CBPM";"DESENVOLVIMENTO";"Dependente";123689785;-10085115,48;"SIM";"SIM";"NÃO";"20623.400000000001";"NÃO";NA;5037498,81;NA;NA;"DESENVOLVIMENTO";"Bahia";"Nordeste"
"51";"BA";"COMPANHIA DE DESENVOLVIMENTO E AÇÃO REGIONAL - CAR";"DESENVOLVIMENTO";"Dependente";-36269972;-5716105;"SIM";"SIM";"NÃO";"16455";"NÃO";NA;37997322;NA;NA;"DESENVOLVIMENTO";"Bahia";"Nordeste"
"52";"BA";"COMPANHIA DE DESENVOLVIMENTO URBANO DO ESTADO DA BAHIA - CONDER";"SERVIÇOS PÚBLICOS";"Dependente";-50191238,69;-9964261,48;"SIM";"SIM";"NÃO";"20151.96";"NÃO";NA;144762028,12;NA;NA;"SERVIÇOS PÚBLICOS";"Bahia";"Nordeste"
"53";"BA";"COMPANHIA DE GAS DA BAHIA BAHIAGÁS";"DISTRIBUIÇÃO DE GÁS";"Não Dependente";609121070,87;93941459,34;"SIM";"SIM";"NÃO";"18107.740000000002";"SIM";9298308,68;NA;NA;NA;"DISTRIBUIÇÃO DE GÁS";"Bahia";"Nordeste"
"54";"BA";"COMPANHIA DE PROCESSAMENTO DE DADOS DO ESTADO DA BAHIA";"INFORMÁTICA";"Não Dependente";31253189;3907211;"SIM";"SIM";"SIM";"11008";"NÃO";NA;NA;NA;NA;"INFORMÁTICA";"Bahia";"Nordeste"
"55";"BA";"COMPANHIA DE TRANSPORTE DO ESTADO DA BAHIA  - CTB";"TRANSPORTES";"Dependente";77477614,13;-5279954,68;"SIM";"SIM";"NÃO";"14406.58";"NÃO";NA;37692636,6;NA;NA;"TRANSPORTES";"Bahia";"Nordeste"
"56";"BA";"EMPRESA BAIANA DE AGUAS E SANEAMENTO DA BAHIA - EMBASA";"ABASTECIMENTO";"Não Dependente";5928178,46;279898703,65;"SIM";"SIM";"SIM";"41377";"SIM";16892049,92;62405637,28;3902684,48;-49416271,84;"ABASTECIMENTO";"Bahia";"Nordeste"
"57";"BA";"EMPRESA GRÁFICA DA BAHIA - EGBA";"SERVIÇOS PÚBLICOS";"Não Dependente";62635221;1243036;"SIM";"SIM";"SIM";"17423.55";"NÃO";NA;NA;NA;NA;"SERVIÇOS PÚBLICOS";"Bahia";"Nordeste"
"58";"CE";"AGENCIA DE DESENVOLVIMENTO DO ESTADO DO CEARA S.A";"DESENVOLVIMENTO";"Não Dependente";108182108,8;5193378,05;"SIM";"SIM";"NÃO";"13068.35";"NÃO";NA;NA;50000;NA;"DESENVOLVIMENTO";"Ceará";"Nordeste"
"59";"CE";"CENTRAIS DE ABASTECIMENTO DO CEARÁ S/A - CEASA";"ABASTECIMENTO";"Não Dependente";4935247,9;618780,27;"SIM";"SIM";"NÃO";"15036.58";"NÃO";NA;NA;NA;NA;"ABASTECIMENTO";"Ceará";"Nordeste"
"60";"CE";"COMPAHIA DE HABITAÇÃO DO CEARA  - COHAB";"OUTRO";"Dependente";-275789812,73;-11120123,65;"NÃO";"SIM";"SIM";NA;"NÃO";NA;2975123,12;NA;NA;"OUTRO";"Ceará";"Nordeste"
"61";"CE";"COMPANHIA CEARENSE DE TRANSPORTES METROPOLITANOS METROFOR";"TRANSPORTES";"Não Dependente";1085575695,92;-187730058,34;"SIM";"SIM";"NÃO";"284959.71000000002";"NÃO";NA;NA;146647615,48;NA;"TRANSPORTES";"Ceará";"Nordeste"
"62";"CE";"COMPANHIA DE ÁGUA E ESGOTO DO CEARÁ - CAGECE";"SANEAMENTO";"Não Dependente";2411905878,67;165736042,46;"SIM";"SIM";"SIM";"39718.9";"SIM";59033253,42;NA;NA;NA;"SANEAMENTO";"Ceará";"Nordeste"
"63";"CE";"COMPANHIA DE DESENVOLVIMENTO DO CEARÁ - CODECE";"DESENVOLVIMENTO";"Dependente";15791472,44;-4219000,54;"SIM";"SIM";"NÃO";"179733.73";"NÃO";NA;2224331,73;NA;NA;"DESENVOLVIMENTO";"Ceará";"Nordeste"
"64";"CE";"COMPANHIA DE DESENVOLVIMENTO DO COMPLEXO INDUSTRIAL E PORTUARIO DO PECEM - CIPP";"OUTRO";"Não Dependente";1116810809,18;41256391,64;"SIM";"SIM";"SIM";"14794.18";"SIM";1535604,64;NA;NA;NA;"OUTRO";"Ceará";"Nordeste"
"65";"CE";"COMPANHIA DE GAS DO CEARA - CEGAS";"DISTRIBUIÇÃO DE GÁS";"Não Dependente";206581278,12;60852840,01;"SIM";"SIM";"SIM";"17607.61";"SIM";6169436,16;NA;NA;NA;"DISTRIBUIÇÃO DE GÁS";"Ceará";"Nordeste"
"66";"CE";"COMPANHIA DE GESTÃO DOS RECURSOS HÍDRICOS - COGERH";"ABASTECIMENTO";"Não Dependente";225956109;2978094;"SIM";"SIM";"SIM";"26868.54";"SIM";8512012,55;NA;NA;NA;"ABASTECIMENTO";"Ceará";"Nordeste"
"67";"CE";"EMPRESA DE ASSISTENCIA TECNICA E EXTENSAO RURAL -  EMATERCE";"ASSIS. TÉCNICA";"Dependente";-109438618,9;1252536,28;"SIM";"SIM";"NÃO";NA;"NÃO";NA;NA;NA;NA;"ASSISTÊNCIA TÉCNICA";"Ceará";"Nordeste"
"68";"CE";"EMPRESA DE TECNOLOGIA DA INFORMAÇÃO DO CEARA - ETICE";"COMUNICAÇÕES";"Dependente";6727981,21;523421,4;"SIM";"SIM";"NÃO";NA;"NÃO";NA;30587551,55;NA;NA;"COMUNICAÇÕES";"Ceará";"Nordeste"
"69";"DF";"BIOTIC S.A. (TERRACAP)";"OUTRO";"Não Dependente";8457175,87;0;"SIM";"SIM";"SIM";"54046.18";"SIM";NA;NA;4408219,53;NA;"OUTRO";"Distrito Federal";"Centro-oeste"
"70";"DF";"BRB - BANCO DE BRASÍLIA S.A.";"FINANCEIRO";"Não Dependente";1737325;418836;"SIM";"SIM";"SIM";"49172.12";"SIM";88617348,18;NA;NA;NA;"FINANCEIRO";"Distrito Federal";"Centro-oeste"
"71";"DF";"BRB - CRÉDITO FINANCIAMENTO E INVESTIMENTO S.A.";"FINANCEIRO";"Não Dependente";215550;69817;"SIM";"SIM";"SIM";"29333.56";"SIM";NA;NA;61705;NA;"FINANCEIRO";"Distrito Federal";"Centro-oeste"
"72";"DF";"BRB - DISTRIBUIDORA DE TÍTULOS E VALORES MOBILIÁRIOS S.A.";"FINANCEIRO";"Não Dependente";48426;2178;"SIM";"SIM";"SIM";"29333.56";"SIM";NA;NA;NA;NA;"FINANCEIRO";"Distrito Federal";"Centro-oeste"
"73";"DF";"BRB ADMINISTRADORA E CORRETORA DE SEGUROS S.A.";"FINANCEIRO";"Não Dependente";119388;70366;"SIM";"SIM";"SIM";"23600";"SIM";NA;NA;NA;NA;"FINANCEIRO";"Distrito Federal";"Centro-oeste"
"74";"DF";"BRB SERVIÇOS S.A.";"OUTRO";"Não Dependente";8214;4207;"SIM";"SIM";"SIM";"10757.65";"SIM";NA;NA;NA;NA;"OUTRO";"Distrito Federal";"Centro-oeste"
"75";"DF";"CARTÃO BRB S.A.";"FINANCEIRO";"Não Dependente";535543;100377;"SIM";"SIM";"SIM";"24996.85";"SIM";NA;NA;NA;NA;"FINANCEIRO";"Distrito Federal";"Centro-oeste"
"76";"DF";"CENTRAIS DE ABASTECIMENTO DO DISTRITO FEDERAL S.A - CEASA";"ABASTECIMENTO";"Não Dependente";62275650,97;4049034,07;"SIM";"SIM";"NÃO";"15243.74";"NÃO";NA;NA;NA;NA;"ABASTECIMENTO";"Distrito Federal";"Centro-oeste"
"77";"DF";"COMPANHIA DE DESENVOLVIMENTO HABITACIONAL DO DISTRITO FEDERAL - CODHAB";"URBANIZAÇÃO";"Dependente";121015025,47;-11412901,35;"SIM";"SIM";"SIM";"18200";"NÃO";NA;27991658,06;NA;NA;"URBANIZAÇÃO";"Distrito Federal";"Centro-oeste"
"78";"DF";"COMPANHIA DE PLANEJAMENTO DO DISTRITO FEDERAL - CODEPLAN";"PESQUISA";"Dependente";-24621642,11;6614448,21;"SIM";"SIM";"NÃO";"34114.629999999997";"NÃO";NA;119696984,17;NA;NA;"PESQUISA";"Distrito Federal";"Centro-oeste"
"79";"DF";"COMPANHIA DE SANEAMENTO AMBIENTAL DO DISTRITO FEDERAL  - CAESB";"SANEAMENTO";"Não Dependente";1404805227,72;149002360,68;"SIM";"SIM";"SIM";"35462.22";"NÃO";NA;17688478,19;15673253,07;NA;"SANEAMENTO";"Distrito Federal";"Centro-oeste"
"80";"DF";"COMPANHIA DO METROPOLITANO DO DISTRITO FEDERAL - METRÔ-DF";"TRANSPORTES";"Dependente";1951743230,69;-132263066,41;"SIM";"SIM";"SIM";"35462.22";"NÃO";NA;228936011,74;19595942,49;NA;"TRANSPORTES";"Distrito Federal";"Centro-oeste"
"81";"DF";"COMPANHIA ENERGÉTICA DE BRASÍLIA - CEB (Holding)";"ENERGIA";"Não Dependente";783986000;119045000;"SIM";"SIM";"SIM";"35000";"SIM";NA;NA;NA;NA;"ENERGIA";"Distrito Federal";"Centro-oeste"
"82";"DF";"COMPANHIA IMOBILIÁRIA DE BRASÍLIA - TERRACAP";"OUTRO";"Não Dependente";2909676667;170701242;"SIM";"SIM";"SIM";"51740.21";"SIM";NA;NA;NA;NA;"OUTRO";"Distrito Federal";"Centro-oeste"
"83";"DF";"COMPANHIA URBANIZADORA DA NOVA CAPITAL DO BRASIL - NOVACAP";"URBANIZAÇÃO";"Dependente";630252419,23;-2372388,41;"SIM";"SIM";"NÃO";"50863.6";"NÃO";NA;786327378,67;802101,02;NA;"URBANIZAÇÃO";"Distrito Federal";"Centro-oeste"
"84";"DF";"DF GESTÃO DE ATIVOS S.A.";"GESTÃO DE ATIVOS";"Não Dependente";816567;NA;"SIM";"SIM";"NÃO";"6000";"NÃO";NA;NA;1043800;NA;"GESTÃO DE ATIVOS";"Distrito Federal";"Centro-oeste"
"85";"DF";"EMPRESA DE ASSISTENCIA TECNICA E EXTENSAO RURAL DO DF - EMATER";"ASSIS. TÉCNICA";"Dependente";-17887066,22;-8592891,51;"SIM";"SIM";"NÃO";"35462.22";"NÃO";NA;NA;NA;NA;"ASSISTÊNCIA TÉCNICA";"Distrito Federal";"Centro-oeste"
"86";"DF";"INSTITUTO BRB DE DESENVOLVIMENTO HUMANO E RESPONSABILIDADE SOCIAL";"OUTRO";"Dependente";9679;1247;"SIM";"SIM";"SIM";"51543.37";"SIM";NA;NA;NA;NA;"OUTRO";"Distrito Federal";"Centro-oeste"
"87";"DF";"PROFLORA S/A FLORESTAMENTO E REFLORESTAMENTO - EM LIQUIDAÇÃO";"OUTRO";"Não Dependente";27937695,92;-1400827,54;"SIM";"SIM";"NÃO";"12742.87";"NÃO";NA;NA;NA;NA;"OUTRO";"Distrito Federal";"Centro-oeste"
"88";"DF";"SOCIEDADE DE ABASTECIMENTO DE BRASÍLIA S.A. - SAB - EM LIQUIDAÇÃO";"ABASTECIMENTO";"Dependente";1777844,65;382965,71;"SIM";"SIM";"NÃO";"20497.759999999998";"NÃO";NA;21446072,35;NA;NA;"ABASTECIMENTO";"Distrito Federal";"Centro-oeste"
"89";"DF";"SOCIEDADE DE TRANSPORTES COLETIVOS DE BRASÍLIA LTDA. - TCB";"TRANSPORTES";"Dependente";63734748,08;6416973,71;"SIM";"SIM";"NÃO";"21517.11";"NÃO";NA;14430773,67;6921797,83;NA;"TRANSPORTES";"Distrito Federal";"Centro-oeste"
"90";"ES";"Banco de Desenvolvimento do Espírito Santo S/A - BANDES";"FINANCEIRO";"Não Dependente";219620000;-209203000;"SIM";"SIM";"SIM";"27854.73";"NÃO";0;0;117710000;-117710000;"FINANCEIRO";"Espirito Santo";"Sudeste"
"91";"ES";"Banco do Estado do Espirito Santo - BANESTES";"FINANCEIRO";"Não Dependente";1608362000;213738000;"SIM";"SIM";"SIM";"35580.32";"SIM";100028000;0;NA;NA;"FINANCEIRO";"Espirito Santo";"Sudeste"
"92";"ES";"Centrais de Abastecimento do Espírito Santo- CEASA";"ABASTECIMENTO";"Dependente";9974787,68;528059;"SIM";"SIM";"NÃO";"9658.2999999999993";"NÃO";0;6867901,74;NA;NA;"ABASTECIMENTO";"Espirito Santo";"Sudeste"
"93";"ES";"Companhia de Habitação e Urbanização do Estado do Espirito Santo - COHAB - Em Liquidação";"OUTRO";"Dependente";15077000;-8000;"NÃO";"SIM";"NÃO";"6877";"NÃO";0;1857000;NA;NA;"OUTRO";"Espirito Santo";"Sudeste"
"94";"ES";"Companhia Espirito Santense de Saneamento - CESAN";"SANEAMENTO";"Não Dependente";2519733;192686;"SIM";"SIM";"SIM";"27682.22";"SIM";0;0;45228437,74;-45228437,74;"SANEAMENTO";"Espirito Santo";"Sudeste"
"95";"ES";"Companhia Estadual de Transportes Coletivos de Passageiros do Espirito Santo - CETURB";"TRANSPORTES";"Não Dependente";66626031,06;-724608,53;"SIM";"SIM";"NÃO";"20975.16";"NÃO";0;0;2361161,47;-2361161,47;"TRANSPORTES";"Espirito Santo";"Sudeste"
"96";"GO";"Agência de Fomento de Goiás S/A ¿ GOIÁSFOMENTO";"DESENVOLVIMENTO";"Não Dependente";189940468,58;8660778,75;"SIM";"SIM";"NÃO";"22232.49";"NÃO";0;0;0;0;"DESENVOLVIMENTO";"Goiás";"Centro-oeste"
"97";"GO";"Agência Goiana de Habitação - AGEHAB";"SERVIÇOS PÚBLICOS";"Não Dependente";11144312,69;-34421654,01;"SIM";"SIM";"NÃO";"27459.14";"NÃO";0;0;35735655,41;-35735655,41;"SERVIÇOS PÚBLICOS";"Goiás";"Centro-oeste"
"98";"GO";"Caixa Econômica do Estado de Goiás ¿ CAIXEGO";"FINANCEIRO";"Não Dependente";-425197217,78;0;"NÃO";"NÃO";"NÃO";"0";"NÃO";0;0;0;0;"FINANCEIRO";"Goiás";"Centro-oeste"
"99";"GO";"Celg Geração & Transmissão ¿ CELG G & T";"ENERGIA";"Não Dependente";984150934,06;71096919,55;"NÃO";"SIM";"SIM";"42737.73";"NÃO";0;0;29504196,49;-29504196,49;"ENERGIA";"Goiás";"Centro-oeste"
"100";"GO";"Central de Abastecimento de Goiás - CEASA";"ABASTECIMENTO";"Não Dependente";14615491,44;768883,21;"SIM";"SIM";"NÃO";"24944.49";"NÃO";0;0;0;0;"ABASTECIMENTO";"Goiás";"Centro-oeste"
"101";"GO";"Comp. de Armazéns e Silos do Est. de Goiás ¿ CASEGO";"ABASTECIMENTO";"Dependente";23188034,31;577685,08;"SIM";"SIM";"NÃO";"1000";"NÃO";0;75991,39;0;-75991,39;"ABASTECIMENTO";"Goiás";"Centro-oeste"
"102";"GO";"Companhia Celg de Participações ¿ CELGPAR";"ENERGIA";"Não Dependente";0;71922400,69;"SIM";"SIM";"SIM";"42737.73";"NÃO";0;0;0;0;"ENERGIA";"Goiás";"Centro-oeste"
"103";"GO";"Companhia de Desenvolvimento Econômico de Goiás ¿ CODEGO";"DESENVOLVIMENTO";"Não Dependente";134635287,05;103565648,81;"SIM";"SIM";"NÃO";"40082.5";"NÃO";0;0;0;0;"DESENVOLVIMENTO";"Goiás";"Centro-oeste"
"104";"GO";"Companhia de Investimentos e Parcerias do Estado de Goiás - GOIASPARCERIAS";"DESENVOLVIMENTO";"Não Dependente";394333079,03;1435345,13;"SIM";"SIM";"NÃO";"20000";"NÃO";0;0;1005696,77;-1005696,77;"DESENVOLVIMENTO";"Goiás";"Centro-oeste"
"105";"GO";"Empresa de Assistência Técnica, Extensão Rural e Pesquisa Agropecuária do Estado de Goiás ¿ EMATER-GO";"ASSIS. TÉCNICA";"Dependente";54465851,17;916322,89;"NÃO";"SIM";"NÃO";"1000";"NÃO";0;63870;0;-63870;"ASSISTÊNCIA TÉCNICA";"Goiás";"Centro-oeste"
"106";"GO";"Empresa Estadual de Processamento de Dados de Goiás - PRODAGO";"INFORMÁTICA";"Dependente";-355848998,49;-3028688,76;"NÃO";"SIM";"NÃO";"21887.5";"NÃO";0;21585241,05;0;-21585241,05;"INFORMÁTICA";"Goiás";"Centro-oeste"
"107";"GO";"Goiás Telecomunicações S/A - GOIASTELECOM";"COMUNICAÇÕES";"Dependente";1723305,09;1147391,77;"SIM";"SIM";"NÃO";"20041.25";"NÃO";0;1350000;0;-1350000;"COMUNICAÇÕES";"Goiás";"Centro-oeste"
"108";"GO";"GOIÁSGAS";"DISTRIBUIÇÃO DE GÁS";"Não Dependente";691921,97;-512276,97;"SIM";"SIM";"NÃO";"8720";"NÃO";0;0;866696,04;-866696,04;"DISTRIBUIÇÃO DE GÁS";"Goiás";"Centro-oeste"
"109";"GO";"Indústria Química do Estado de Goiás ¿ IQUEGO";"GESTÃO DE ATIVOS";"Não Dependente";13366938,33;498450,89;"SIM";"SIM";"SIM";"21851.54";"NÃO";0;0;11400905,48;-11400905,48;"GESTÃO DE ATIVOS";"Goiás";"Centro-oeste"
"110";"GO";"Metais de Goiás S/A - METAGO";"GESTÃO DE ATIVOS";"Dependente";22544055,87;24304,46;"SIM";"SIM";"NÃO";"1000";"NÃO";0;63870;0;-63870;"GESTÃO DE ATIVOS";"Goiás";"Centro-oeste"
"111";"GO";"Metrobus Transporte Coletivo S.A";"TRANSPORTES";"Não Dependente";20014950,88;-13979332,82;"SIM";"SIM";"NÃO";"18515.38";"NÃO";0;0;4546337,51;-4546337,51;"TRANSPORTES";"Goiás";"Centro-oeste"
"112";"GO";"Saneamento de Goiás S.A ¿ SANEAGO";"SANEAMENTO";"Não Dependente";2801329000;315731000;"SIM";"SIM";"SIM";"82529";"SIM";26089000;0;0;26089000;"SANEAMENTO";"Goiás";"Centro-oeste"
"113";"MT";"AGÊNCIA DE FOMENTO DO ESTADO DE MATO GROSSO S A - DESENVOLVE - MT";"OUTRO";"Não Dependente";14395973,61;1415017,76;"SIM";"SIM";"NÃO";"18250.900000000001";"NAO";NA;NA;NA;NA;"OUTRO";"Mato Grosso";"Centro-oeste"
"114";"MT";"CENTRAL DE ABASTECIMENTO DO ESTADO DE MATO GROSSO - CEASA MT";"ABASTECIMENTO";"Dependente";751700;3711,01;"SIM";"SIM";"NÃO";"18450";"NÃO";0;1484631,87;0;-1484631,87;"ABASTECIMENTO";"Mato Grosso";"Centro-oeste"
"115";"MT";"COMPANHIA DE SANEAMENTO DO ESTADO DE MATO GROSSO - SANEMAT";"SANEAMENTO";"Dependente";-61304451;-14198551;"SIM";"SIM";"NÃO";"6424.64";"NÃO";0;20481519,21;0;-20481519,21;"SANEAMENTO";"Mato Grosso";"Centro-oeste"
"116";"MT";"COMPANHIA MATOGROSSENSE DE GÁS - MT GÁS";"OUTRO";"Dependente";-3946451;-2261307;NA;NA;NA;NA;"NÃO";0;3208926,46;0;-3208926,46;"OUTRO";"Mato Grosso";"Centro-oeste"
"117";"MT";"COMPANHIA MATOGROSSENSE DE MINERAÇÃO - METAMAT";"OUTRO";"Dependente";12250785;-578300;"SIM";"SIM";"NÃO";"25225";"NÃO";0;19215207;0;-19215207;"OUTRO";"Mato Grosso";"Centro-oeste"
"118";"MT";"EMPRESA MATOGROSSENSE DE PESQUISA, ASSISTÊNCIA E EXTENSÃO RURAL - EMPAER MT";"SEAF";"Dependente";92544051,33;-4278318,93;"SIM";"SIM";"CONTROLE INTERNO";NA;"NÃO";0;146988294,22;0;-146988294,22;"ASSISTÊNCIA TÉCNICA";"Mato Grosso";"Centro-oeste"
"119";"MT";"EMPRESA MATO-GROSSENSE DE TECNOLOGIA DA INFORMAÇÃO - MTI";"INFORMATICA";"Dependente";8622483,09;14871569,91;"SIM";"SIM";"NÃO";"53210.22";"NÃO";0;74492176,37;0;-74492176,37;"INFORMÁTICA";"Mato Grosso";"Centro-oeste"
"120";"MT";"MT PARTICIPAÇÕES E PROJETOS S.A - MT PAR";"OUTRO";"Dependente";40001869,75;966771,11;"SIM";"SIM";"NÃO";"18250.900000000001";"NÃO";0;4688395,37;0;-4688395,37;"OUTRO";"Mato Grosso";"Centro-oeste"
"121";"MS";"CENTRAIS DE ABASTECIMENTO DO MATO GROSSO DO SUL S/A  - CEASA/MS";"ABASTECIMENTO";"Não Dependente";-231227,34;-107571,53;"SIM";"SIM";"Não";"6821.06";"NÃO";0;0;0;0;"ABASTECIMENTO";"Mato Grosso Do Sul";"Centro-oeste"
"122";"MS";"COMPANHIA DE GÁS DO ESTADO DE MATO GROSSO DO SUL - MSGÁS";"GÁS NATURAL";"Não Dependente";46021817,36;41006103,49;"SIM";"SIM";"SIM";"27599.75";"SIM";6164574,19;0;0;6164574,19;"DISTRIBUIÇÃO DE GÁS";"Mato Grosso Do Sul";"Centro-oeste"
"123";"MS";"EMPRESA DE SANEAMENTO DE MATO GROSSO DO SUL S.A.- SANESUL";"SANEAMENTO";"Não Dependente";814537988;83445108,48;"SIM";"SIM";"SIM";"26641.55";"SIM";17038,24;0;0;17038,24;"SANEAMENTO";"Mato Grosso Do Sul";"Centro-oeste"
"124";"MG";"BDMG";"FINANCEIRO";"Não Dependente";1820883000;84131000;"SIM";"SIM";"SIM";"40285";"SIM";67399110,88;NA;67514552,17;NA;"FINANCEIRO";"Minas Gerais";"Sudeste"
"125";"MG";"CEMIG";"ENERGIA";"Não Dependente";15890865000;3128073000;"SIM";"SIM";"SIM";"70000";"SIM";47855,37;NA;NA;NA;"ENERGIA";"Minas Gerais";"Sudeste"
"126";"MG";"CEMIG D";"ENERGIA";"Não Dependente";4708208000;1644366000;"SIM";"SIM";"SIM";"59000";"SIM";NA;NA;NA;NA;"ENERGIA";"Minas Gerais";"Sudeste"
"127";"MG";"CEMIG GT";"ENERGIA";"Não Dependente";5136201000;835078000;"SIM";"SIM";"SIM";"70000";"SIM";NA;NA;NA;NA;"ENERGIA";"Minas Gerais";"Sudeste"
"128";"MG";"CODEMGE";"DESENVOLVIMENTO";"Não Dependente";2154701000;880556000;"SIM";"SIM";"SIM";"60151.96";"SIM";27236665,68;NA;-124303000;NA;"DESENVOLVIMENTO";"Minas Gerais";"Sudeste"
"129";"MG";"CODEMIG";"DESENVOLVIMENTO";"Não Dependente";739116000;1075550000;"SIM";"SIM";"SIM";NA;"SIM";439618243,28;NA;124303000;NA;"DESENVOLVIMENTO";"Minas Gerais";"Sudeste"
"130";"MG";"CODEPAR";"DESENVOLVIMENTO";"Não Dependente";371758000;13871000;"SIM";"SIM";"SIM";NA;"NÃO";NA;NA;NA;NA;"DESENVOLVIMENTO";"Minas Gerais";"Sudeste"
"131";"MG";"COHAB";"OUTRO";"Não Dependente";-62603000;-14771000;"SIM";"SIM";"NÃO";"29422.7";"NÃO";NA;NA;NA;NA;"OUTRO";"Minas Gerais";"Sudeste"
"132";"MG";"COPANOR";"SANEAMENTO";"Não Dependente";128783000;-17972000;"NÃO";"SIM";"NÃO";"7178.5";"NÃO";NA;NA;NA;NA;"SANEAMENTO";"Minas Gerais";"Sudeste"
"133";"MG";"COPASA";"SANEAMENTO";"Não Dependente";6743713000;754374000;"SIM";"SIM";"SIM";"48294.59";"SIM";136917186,33;NA;NA;NA;"SANEAMENTO";"Minas Gerais";"Sudeste"
"134";"MG";"EMATER";"ASSIS. TÉCNICA";"Dependente";56089013,75;2983840,68;"SIM";"SIM";"NÃO";"31122.54";"NÃO";NA;202319004,16;NA;NA;"ASSISTÊNCIA TÉCNICA";"Minas Gerais";"Sudeste"
"135";"MG";"EMC";"COMUNICAÇÕES";"Dependente";36746012,81;699255,34;"SIM";"SIM";"NÃO";"9191.0300000000007";"NÃO";NA;10894276,37;NA;NA;"COMUNICAÇÕES";"Minas Gerais";"Sudeste"
"136";"MG";"EPAMIG";"PESQUISA";"Dependente";3123717,3;756922,16;"SIM";"SIM";"NÃO";"23518.86";"NÃO";NA;97282763,64;NA;NA;"PESQUISA";"Minas Gerais";"Sudeste"
"137";"MG";"GASMIG";"DISTRIBUIÇÃO DE GÁS";"Não Dependente";995408000;164558000;"SIM";"SIM";"SIM";"58349.41";"SIM";NA;NA;NA;NA;"DISTRIBUIÇÃO DE GÁS";"Minas Gerais";"Sudeste"
"138";"MG";"METROMINAS";"TRANSPORTES";"Não Dependente";95428;-213761;"SIM";"SIM";"NÃO";"9000";"NÃO";NA;NA;NA;NA;"TRANSPORTES";"Minas Gerais";"Sudeste"
"139";"MG";"MGI";"GESTÃO DE ATIVOS";"Não Dependente";443431745,53;-8494374,33;"SIM";"SIM";"SIM";"12373.72";"NÃO";NA;NA;57457711,49;NA;"GESTÃO DE ATIVOS";"Minas Gerais";"Sudeste"
"140";"MG";"MGS";"OUTRO";"Não Dependente";32365402,9;501190,44;"SIM";"SIM";"SIM";"15881.98";"NÃO";10763463,4;NA;NA;NA;"OUTRO";"Minas Gerais";"Sudeste"
"141";"MG";"PRODEMGE";"INFORMÁTICA";"Não Dependente";77490690;7676523;"SIM";"SIM";"SIM";"20950.900000000001";"NÃO";NA;NA;NA;NA;"INFORMÁTICA";"Minas Gerais";"Sudeste"
"142";"PA";"BANCO DO ESTADO DO PARÁ";"FINANCEIRO";"Não Dependente";1365474472,56;324051731,33;"SIM";"SIM";"SIM";"26113.55";"SIM";128769805,89;NA;NA;NA;"FINANCEIRO";"Pará";"Norte"
"143";"PA";"CENTRAL DE ABASTECIMENTO DO PARÁ";"ABASTECIMENTO";"Dependente";4124627,42;327277,49;"SIM";"SIM";"SIM";"17581";"NÃO";NA;9249668,55;30073,99;NA;"ABASTECIMENTO";"Pará";"Norte"
"144";"PA";"COMPANHIA ADMINISTRADORA DA ZONA DE PROCESSAMENTO DE EXPORTAÇÃO";"DESENVOLVIMENTO";"Não Dependente";24141052,72;-112477,55;"SIM";"SIM";"NÃO";NA;"NÃO";NA;NA;2e+05;NA;"DESENVOLVIMENTO";"Pará";"Norte"
"145";"PA";"COMPANHIA DE DESENVOLVIMENTO ECONÔMICO DO PARÀ";"DESENVOLVIMENTO";"Dependente";56909668,65;319460,06;"SIM";"SIM";"NÃO";"17036";"NÃO";NA;4323168,75;NA;NA;"DESENVOLVIMENTO";"Pará";"Norte"
"146";"PA";"COMPANHIA DE GÁS DO PARÁ";"DISTRIBUIÇÃO DE GÁS";"Não Dependente";315;1256;"SIM";"SIM";"NÃO";NA;"NÃO";NA;471750;376;NA;"DISTRIBUIÇÃO DE GÁS";"Pará";"Norte"
"147";"PA";"COMPANHIA DE HABITAÇÃO DO ESTADO DO PARÁ";"SERVIÇOS PÚBLICOS";"Dependente";115300312,78;-743828,14;"SIM";"SIM";"NÃO";"23087.39";"NÃO";NA;51767489,88;NA;NA;"SERVIÇOS PÚBLICOS";"Pará";"Norte"
"148";"PA";"COMPANHIA DE PORTOS E HIDROVIAS DO ESTADO DO PARÁ";"TRANSPORTES";"Dependente";43182470,28;32597484,47;"SIM";"SIM";"SIM";"21523.91";"NÃO";NA;9275907,51;NA;NA;"PORTOS E HIDROVIAS";"Pará";"Norte"
"149";"PA";"COMPANHIA DE SANEAMENTO DO PARÁ";"SANEAMENTO";"Não Dependente";357365631,29;-248485246,21;"SIM";"SIM";"SIM";NA;"NÃO";NA;NA;223343621;NA;"SANEAMENTO";"Pará";"Norte"
"150";"PA";"EMPRESA DE ASSISTÊNCIA TÉCNICA E EXTENSÃO RURAL DO ESTADO DO PARÁ";"ASSITÊNCIA TÉCNICA";"Dependente";20476852,27;3258885,81;"SIM";"NÃO";"NÃO";"40164.370000000003";"NÃO";NA;108268724;NA;NA;"ASSISTÊNCIA TÉCNICA";"Pará";"Norte"
"151";"PA";"EMPRESA DE TECNOLOGIA DA INFORMAÇÃO E COMUNICAÇÃO DO ESTADO DO PARÁ";"INFORMÁTICA";"Dependente";32669046,1;2892803,42;"SIM";"SIM";"NÃO";"31534.74";"NÃO";NA;55167695,02;NA;NA;"INFORMÁTICA";"Pará";"Norte"
"152";"PB";"COMPANHIA DE ÁGUA E ESGOTOS DA PARAIBA";"SANEAMENTO";"Não Dependente";1520720791;99721000;"SIM";"SIM";"SIM";"0";"Não";0;0;0;0;"SANEAMENTO";"Paraíba";"Nordeste"
"153";"PB";"COMPANHIA DE DESENVOLVIMENTO DA PARAÍBA - CINEP";"OUTRO";"Dependente";13158224,25;189546,74;"SIM";"SIM";"NÃO";"0";"Não";0;4760116,39;0;-4760116,39;"OUTRO";"Paraíba";"Nordeste"
"154";"PB";"COMPANHIA DE PROCESSAMENTO DE DADOS DA PARAIBA - CODATA";"INFORMÁTICA";"Dependente";88770870,26;2278325,27;"SIM";"SIM";"NÃO";"0";"Não";0;0;0;0;"INFORMÁTICA";"Paraíba";"Nordeste"
"155";"PB";"COMPANHIA DOCAS DA PARAIBA";"OUTRO";"Não Dependente";77132097,35;646040,17;"SIM";"SIM";"NÃO";"0";"Não";0;0;0;0;"PORTOS E HIDROVIAS";"Paraíba";"Nordeste"
"156";"PB";"COMPANHIA ESTADUAL DE HABITAÇÃO POPULAR ¿ CEHAP";"OUTRO";"Dependente";28078342;-3054633;"SIM";"SIM";"NÃO";"0";"Não";0;17187184,14;0;-17187184,14;"OUTRO";"Paraíba";"Nordeste"
"157";"PB";"COMPANHIA PARAIBANA DE GÁS";"DISTRIBUIÇÃO DE GÁS";"Não Dependente";65174248,92;4558628,28;"SIM";"SIM";"SIM";"0";"Não";1545722,69;0;0;1545722,69;"DISTRIBUIÇÃO DE GÁS";"Paraíba";"Nordeste"
"158";"PB";"EMPAER";"OUTRO";"Dependente";-184209,04;-184209,04;"SIM";"SIM";"NÃO";"0";"Não";0;53694257,2;0;-53694257,2;"OUTRO";"Paraíba";"Nordeste"
"159";"PB";"EMPRESA PARAIBANA DE COMUNICAÇÃO - EPC";"COMUNICAÇÕES";"Dependente";23258411,74;4884279,7;"SIM";"SIM";"NÃO";"0";"Não";0;4425576,77;18374132,04;-22799708,81;"COMUNICAÇÕES";"Paraíba";"Nordeste"
"160";"PB";"EMPRESA PARAÍBANA DE TURISMO S/A - PBTUR";"OUTRO";"Dependente";2397904;12987;"SIM";"SIM";"NÃO";"0";"Não";0;2593626;0;-2593626;"OUTRO";"Paraíba";"Nordeste"
"161";"PB";"LABORAT.INDL.FARMAC.EST.PARAIBA S/A-LIFESA";"SAÚDE";"Dependente";794578,86;-208725,31;"SIM";"SIM";"NÃO";"0";"Não";0;905741,04;0;-905741,04;"SAÚDE";"Paraíba";"Nordeste"
"162";"PB";"PBTUR HOTEIS S/A";"OUTRO";"Dependente";10818584;-89760;"SIM";"SIM";"NÃO";"0";"Não";0;52263,2;0;-52263,2;"OUTRO";"Paraíba";"Nordeste"
"163";"PR";"Administração dos Portos de Paranaguá e Antonina - APPA";"Serviços Públicos";"Não Dependente";498345970,27;24897095,5;"Possui";"Possui";"Possui";"34601.550000000003";"Não";0;0;NA;NA;"PORTOS E HIDROVIAS";"Paraná";"Sul"
"164";"PR";"Agência de Fomento do Paraná";"Financeiro";"Não Dependente";NA;NA;"Possui";"Possui";"Possui";NA;NA;NA;NA;NA;NA;"FINANCEIRO";"Paraná";"Sul"
"165";"PR";"Centrais de Abastecimento do Paraná S/A - CEASA/PR";"Agricultura";"Não Dependente";129757157,44;4020064,54;"Possui";"Possui";"Não possui";NA;"Não";0;0;0;0;"ABASTECIMENTO";"Paraná";"Sul"
"166";"PR";"Companhia de Desenvolvimento Agropecuário do Paraná (CODAPAR)";"Abastecimento";"Não Dependente";-34564065,3;-23270985,31;"Possui";"Possui";"Não Possui";"27118.48";"Não";0;0;44106870;-44106870;"ABASTECIMENTO";"Paraná";"Sul"
"167";"PR";"Companhia de Habitação do Paraná - COHAPAR";"Administração de Obras";"Dependente";-32734829,02;-32734829,02;"Possui";"Possui";"Não possui";"40129.050000000003";"Não";0;58521443,15;0;-58521443,15;"ADMINISTRAÇÃO DE OBRAS";"Paraná";"Sul"
"168";"PR";"Companhia de Saneamento do Paraná - SANEPAR";"Saneamento";"Não Dependente";6173914000;1080034000;"Possui";"Possui";"Possui";NA;"Sim";79597000;0;NA;NA;"SANEAMENTO";"Paraná";"Sul"
"169";"PR";"Companhia de Tecnologia da Informação e Comunicação do Paraná(CELEPAR)";"Informática";"Não Dependente";130426088;2789250;"Possui";"Possui";"Possui";"34602";"Não";627320;0;NA;NA;"INFORMÁTICA";"Paraná";"Sul"
"170";"PR";"Companhia Paranaense de Energia - Copel";"Energia";"Não Dependente";17598213;2062869;"Possui";"Possui";"Possui";"10924.64";"Sim";112196;0;0;112196;"ENERGIA";"Paraná";"Sul"
"171";"PR";"Estrada de Ferro Paraná Oeste S/A";"Transporte Ferroviário";"Não Dependente";274185635,4;-6530718,66;"Possui";"Possui";"Não possui";NA;"Não";0;0;5e+06;-5e+06;"TRANSPORTE FERROVIÁRIO";"Paraná";"Sul"
"172";"PR";"Instituto de Tecnologia do Paraná - TECPAR";"Primário";"Não Dependente";69920496,12;-26149115,06;"Possui";"Possui";"Possui";"25093.53";"Não";0;0;52101596;-52101596;"PESQUISA";"Paraná";"Sul"
"173";"PE";"AGENCIA DE DESENVOLVIMENTO ECONOMICO DE PERNAMBUCO S.A. - AD DIPER";"DESENVOLVIMENTO";"Não Dependente";179999343,43;-5882713;"SIM";"SIM";"NÃO";"9648.35";"NÃO";6400000;0;0;6400000;"DESENVOLVIMENTO";"Pernambuco";"Nordeste"
"174";"PE";"AGENCIA DE FOMENTO DO ESTADO DE PERNAMBUCO S.A. - AGE";"FINANCEIRO";"Não Dependente";47281331,39;-907319,12;"SIM";"SIM";"NÃO";"15200";"NÃO";0;0;0;0;"FINANCEIRO";"Pernambuco";"Nordeste"
"175";"PE";"COMPANHIA EDITORA DE PERNAMBUCO - CEPE";"OUTRO";"Não Dependente";58845023;-7604393;"SIM";"SIM";"NÃO";"14668.4";"NÃO";0;0;0;0;"OUTRO";"Pernambuco";"Nordeste"
"176";"PE";"COMPANHIA ESTADUAL DE HABITAÇÃO E OBRAS - CEHAB";"OUTRO";"Dependente";47448749,75;-8813975,11;"SIM";"SIM";"NÃO";"9966.6200000000008";"NÃO";0;69812588,56;0;-69812588,56;"OUTRO";"Pernambuco";"Nordeste"
"177";"PE";"COMPANHIA PERNAMBUCANA DE GÁS - COPERGÁS";"ENERGIA";"Não Dependente";363020729,56;192373398,11;"SIM";"SIM";"SIM";"21214.89";"SIM";17335338,36;0;0;17335338,36;"ENERGIA";"Pernambuco";"Nordeste"
"178";"PE";"COMPANHIA PERNAMBUCANA DE SANEAMENTO - COMPESA";"ABASTECIMENTO";"Não Dependente";6107115236,25;158620211,03;"SIM";"SIM";"SIM";"30572.68";"SIM";0;0;71691803,33;-71691803,33;"SANEAMENTO";"Pernambuco";"Nordeste"
"179";"PE";"CONSÓRCIO DE TRANSPORTES DA REGIÃO METROPOLITANA DO RECIFE - CTM";"TRANSPORTES";"Dependente";-164045095;10001725;"NÃO";"SIM";"NÃO";"22931.01";"NÃO";0;201990551,07;0;-201990551,07;"TRANSPORTES";"Pernambuco";"Nordeste"
"180";"PE";"EMPRESA DE TURISMO DE PERNAMBUCO GOVERNADOR EDUARDO CAMPOS - EMPETUR";"OUTRO";"Dependente";181562246,93;-19483259,76;"SIM";"SIM";"NÃO";"24520.86";"NÃO";0;73189284,52;0;-73189284,52;"OUTRO";"Pernambuco";"Nordeste"
"181";"PE";"EMPRESA PERNAMBUCANA DE TRANSPOSTE COLETIVO INTERMUNICIPAL - EPTI";"TRANSPORTES";"Dependente";2021516,33;633978;"SIM";"SIM";"NÃO";"9966.6200000000008";"NÃO";0;2016457,39;0;-2016457,39;"TRANSPORTES";"Pernambuco";"Nordeste"
"182";"PE";"EMPRESA PERNAMBUCO DE COMUNICAÇÃO S.A. - EPC";"COMUNICAÇÕES";"Dependente";7251071;1749117;"SIM";"SIM";"NÃO";"7973.3";"NÃO";0;5512155;0;-5512155;"COMUNICAÇÕES";"Pernambuco";"Nordeste"
"183";"PE";"INSTITUTO AGRONÔMICO DE PERNAMBUCO - IPA";"SERVIÇOS PÚBLICOS";"Dependente";36099451;-4235139;"SIM";"SIM";"NÃO";"12796.77";"NÃO";0;92391578,22;0;-92391578,22;"SERVIÇOS PÚBLICOS";"Pernambuco";"Nordeste"
"184";"PE";"LABORATÓRIO FARMACÊUTICO DO ESTADO DE PERNAMBUCO GOVERNADOR MIGUEL ARRAES S.A. - LAFEPE";"OUTRO";"Não Dependente";110186539;29300000;"SIM";"SIM";"NÃO";"19831.09";"NÃO";0;0;0;0;"OUTRO";"Pernambuco";"Nordeste"
"185";"PE";"PERNAMBUCO PARTICIPAÇÕES E INVESTIMENTOS S.A. - PERPART (7)";"OUTRO";"Dependente";-316976606;24133372,13;"SIM";"SIM";"NÃO";"11995.43";"NÃO";0;88205685,49;13078186,21;-101283871,7;"OUTRO";"Pernambuco";"Nordeste"
"186";"PE";"PORTO DO RECIFE S.A.";"OUTRO";"Não Dependente";4159748,87;-45472698,6;"SIM";"SIM";"NÃO";"17550.05";"NÃO";0;0;6210000;-6210000;"OUTRO";"Pernambuco";"Nordeste"
"187";"PE";"SUAPE COMPLEXO INDUSTRIAL PORTUÁRIO GOVERNADOR ERALDO GUEIROS - SUAPE";"OUTRO";"Não Dependente";3117191491;16171430;"SIM";"SIM";"SIM";"37205";"NÃO";0;0;721350;-721350;"PORTOS E HIDROVIAS";"Pernambuco";"Nordeste"
"188";"RJ";"Agência de Fomento do Estado do Rio de Janeiro S.A. - AgeRio";"FINANCEIRO";"Não Dependente";474796965,02;7204367,88;"SIM";"SIM";"SIM";"27027.11";"SIM";NA;NA;NA;NA;"FINANCEIRO";"Rio De Janeiro";"Sudeste"
"189";"RJ";"Centrais de Abastecimento do Estado do Rio de Janeiro - CEASA";"ABASTECIMENTO";"Dependente";NA;NA;"SIM";"SIM";"NÃO";"17707.21";"NÃO";NA;11859762,56;NA;NA;"ABASTECIMENTO";"Rio De Janeiro";"Sudeste"
"190";"RJ";"Comapnhia Estadual de Engenharia de Transportes e Logísticas - CENTRAL";"TRANSPORTES";"Dependente";791399588,73;-5108918,33;"SIM";"SIM";"NÃO";NA;"NÃO";NA;67292889,67;NA;NA;"TRANSPORTES";"Rio De Janeiro";"Sudeste"
"191";"RJ";"Companhia de Armazéns e Silos do Estado do Rio de Janeiro - CASERJ";"OUTRO";"Dependente";NA;NA;"SIM";"SIM";"NÃO";NA;"NÃO";NA;4371115,87;NA;NA;"OUTRO";"Rio De Janeiro";"Sudeste"
"192";"RJ";"Companhia de Desenvolvimento Rodoviário e Terminais do Estado do Rio de Janeiro - CODERTE";"TRANSPORTES";"Não Dependente";12649841,24;-1204790,18;"SIM";"SIM";"NÃO";"6633.58";"NÃO";NA;NA;NA;NA;"TRANSPORTES";"Rio De Janeiro";"Sudeste"
"193";"RJ";"Companhia de Transportes do Estado do Rio de Janeiro - RIOTRILHOS";"TRANSPORTES";"Dependente";NA;NA;"SIM";"SIM";"SIM";NA;NA;NA;NA;NA;NA;"TRANSPORTES";"Rio De Janeiro";"Sudeste"
"194";"RJ";"Companhia de Turismo do Estado do Estado do Rio de Janeiro  - TURISRIO";"SERVIÇOS PÚBLICOS";"Dependente";-453258,47;-228253,06;"SIM";"SIM";"NÃO";"15000";"NÃO";NA;NA;NA;NA;"SERVIÇOS PÚBLICOS";"Rio De Janeiro";"Sudeste"
"195";"RJ";"Companhia Estadual de Águas e Esgotos ¿ CEDAE";"Saneamento, Serv. Água e Gás";"Não Dependente";7277650000;1022934000;"SIM";"SIM";"SIM";"68340";"SIM";242947000;NA;NA;NA;"SANEAMENTO";"Rio De Janeiro";"Sudeste"
"196";"RJ";"Companhia Estadual de Haitação do Rio de Janeiro - CEHAB/RJ";"OUTRO";"Dependente";81833354,95;-16893286,6;"SIM";"SIM";"NÃO";"18152.18";"NÃO";NA;87035053,97;228066288,04;NA;"OUTRO";"Rio De Janeiro";"Sudeste"
"197";"RJ";"Empresa de Assistência Técnica e Extensão Rural do Estado do Rio de Janeiro - EMATER-RIO";"ASSISTÊNCIA TÉCNICA";"Dependente";96964,85;-510548,59;"SIM";"SIM";"NÃO";NA;"NÃO";NA;87094460,55;NA;NA;"ASSISTÊNCIA TÉCNICA";"Rio De Janeiro";"Sudeste"
"198";"RJ";"Empresa de Obras Públicas do Estado Do Rio de Janeiro - EMOP";"OUTRO";"Dependente";301669929,82;-162997,88;"SIM";"SIM";"NÃO";NA;"NÃO";NA;78291498,6;NA;NA;"OUTRO";"Rio De Janeiro";"Sudeste"
"199";"RJ";"Empresa de Pesquisa Agropecuária do Estado do Rio de Janeiro - PESAGRO-RIO";"PESQUISA";"Dependente";-7131724,89;1322145,26;"SIM";"SIM";"NÃO";NA;"NÃO";NA;NA;NA;NA;"PESQUISA";"Rio De Janeiro";"Sudeste"
"200";"RJ";"IMPRENSA OFICIAL DO ESTADO DO RIO DE JANEIRO";"OUTRO";"Não Dependente";NA;124665163,77;"SIM";"SIM";"NÃO";"8692675.8699999992";"NÃO";NA;NA;NA;NA;"OUTRO";"Rio De Janeiro";"Sudeste"
"201";"RS";"BADESUL Desenvolvimento S.A. - Agência de Fomento/RS";"FINANCEIRO";"Não Dependente";732864;28113;"SIM";"SIM";"SIM";"29";"SIM";274355,68;NA;NA;NA;"FINANCEIRO";"Rio Grande Do Sul";"Sul"
"202";"RS";"Banco do Estado do Rio Grande do Sul - BANRISUL";"FINANCEIRO";"Não Dependente";7794105;1344418;"SIM";"SIM";"SIM";"51";"SIM";NA;NA;NA;NA;"FINANCEIRO";"Rio Grande Do Sul";"Sul"
"203";"RS";"Caixa de Administração da Dívida Pública Estadual - CADIP";"FINANCEIRO";"Não Dependente";221547;-35;"SIM";"SIM";"NÃO";"0";"NÃO";NA;NA;NA;NA;"FINANCEIRO";"Rio Grande Do Sul";"Sul"
"204";"RS";"Centrais de Abastecimento do Rio Grande do Sul - CEASA";"ABASTECIMENTO";"Não Dependente";NA;NA;"SIM";"SIM";"SIM";"10.5";"NÃO";NA;NA;NA;NA;"ABASTECIMENTO";"Rio Grande Do Sul";"Sul"
"205";"RS";"Companhia de Gás do Estado RGS - SULGÁS";"DISTRIBUIÇÃO DE GÁS";"Não Dependente";191729;82718;"SIM";"SIM";"SIM";"10.5";"NÃO";33665,08;NA;NA;NA;"DISTRIBUIÇÃO DE GÁS";"Rio Grande Do Sul";"Sul"
"206";"RS";"Companhia de Processamento de Dados do Estado do RS - PROCERGS";"INFORMÁTICA";"Não Dependente";-37900;-39440;"SIM";"SIM";"SIM";"30.7";"NÃO";NA;NA;NA;NA;"INFORMÁTICA";"Rio Grande Do Sul";"Sul"
"207";"RS";"Companhia Estadual de Distribuição de Enegia Eletrica - CEEE-D";"ENERGIA";"Não Dependente";-3690282;-1082512;"SIM";"SIM";"SIM";"18";"NÃO";NA;NA;NA;NA;"ENERGIA";"Rio Grande Do Sul";"Sul"
"208";"RS";"Companhia Estadual de Geração e Transmição de Energia Eletrica - CEEE-GT";"ENERGIA";"Não Dependente";2432740;391230;"SIM";"SIM";"SIM";"16";"NÃO";NA;NA;NA;NA;"ENERGIA";"Rio Grande Do Sul";"Sul"
"209";"RS";"Companhia Riograndense de Mineração - CRM";"ENERGIA";"Não Dependente";NA;NA;"SIM";"SIM";"SIM";"19.8";"NÃO";NA;NA;NA;NA;"ENERGIA";"Rio Grande Do Sul";"Sul"
"210";"RS";"Companhia Riograndense de Saneamento - CORSAN";"SANEAMENTO";"Não Dependente";2353111;301153;"SIM";"SIM";"SIM";"25";"NÃO";50820,94;NA;52458;NA;"SANEAMENTO";"Rio Grande Do Sul";"Sul"
"211";"RS";"Empresa Gaúcha de Rodovias - EGR";"TRANSPORTES";"Não Dependente";NA;NA;"SIM";"SIM";"SIM";"28";"NÃO";NA;NA;NA;NA;"TRANSPORTES";"Rio Grande Do Sul";"Sul"
"212";"RO";"COMPANHIA DE ÁGUA E ESGOTO DE RONDÔNIA";"SANEAMENTO";"Não Dependente";-1028132610;625252,14;"SIM";"SIM";"NÃO";"25030.29";"NÃO";NA;NA;334078;NA;"SANEAMENTO";"Rondônia";"Norte"
"213";"RO";"COMPANHIA DE MINERAÇÃO DE RONDÔNIA";"OUTRO";"Não Dependente";1844843729,98;20380739,46;"SIM";"SIM";"NÃO";"16000";"NÃO";NA;NA;NA;NA;"OUTRO";"Rondônia";"Norte"
"214";"RO";"COMPANHIA RONDONIENSE DE GÁS - RONGÁS";"DISTRIBUIÇÃO DE GÁS";"Não Dependente";-1879959,03;-560884,8;"SIM";"SIM";"NÃO";"2443.4499999999998";"NÃO";NA;NA;NA;NA;"DISTRIBUIÇÃO DE GÁS";"Rondônia";"Norte"
"215";"RO";"SOCIEDADE DE PORTOS E HIDROVIAS DO ESTADO DE RONDÔNIA";"OUTRO";"Não Dependente";2837372,16;196886,65;"SIM";"SIM";"NÃO";"21231.21";"NÃO";NA;NA;NA;NA;"PORTOS E HIDROVIAS";"Rondônia";"Norte"
"216";"RR";"Nova Linha 1.1";"SANEAMENTO";"Não Dependente";393422254,6;-71046880,11;"SIM";"SIM";"SIM";"23175";"NÂO";0;0;0;0;"SANEAMENTO";"Roraima";"Norte"
"217";"RR";"Nova Linha 1.2";"OUTROS";"Dependente";165396888,03;-8516315,99;"SIM";"SIM";"NÃO";"23335";"NÃO";0;18853987,68;0;-18853987,68;"OUTRO";"Roraima";"Norte"
"218";"RR";"Nova Linha 1.3";"ENERGIA";"Dependente";-141020000;-25158000;"SIM";"SIM";"NÃO";"23175";"NÃO";0;31860362,07;0;-31860362,07;"ENERGIA";"Roraima";"Norte"
"219";"RR";"Nova Linha 1.4";"DESENVOLVIMENTO";"Dependente";7297377,35;-322403,24;"SIM";"SIM";"NÃO";"23175";"NÃO";0;5144983,56;0;-5144983,56;"DESENVOLVIMENTO";"Roraima";"Norte"
"220";"SC";"Agência de Desenvolvimento do Turismo de Santa Catarina";"DESENVOLVIMENTO";"Dependente";NA;NA;"NÃO";"SIM";"NÃO";"17312.07";"NÃO";NA;NA;NA;NA;"DESENVOLVIMENTO";"Santa Catarina";"Sul"
"221";"SC";"Agência de Fomento do Estado de Santa Catarina S.A.";"FINANCEIRO";"Não Dependente";597150251,33;44578232,34;"SIM";"SIM";"SIM";"48199.08";"NÃO";NA;NA;NA;NA;"FINANCEIRO";"Santa Catarina";"Sul"
"222";"SC";"CENTRAIS DE ABASTECIMENTO DO ESTADO DE SANTA CATARINA";"ABASTECIMENTO";"Não Dependente";8642564,47;1022638,48;"SIM";"SIM";"NÃO";"8795.67";"NÃO";NA;NA;NA;NA;"ABASTECIMENTO";"Santa Catarina";"Sul"
"223";"SC";"Centrais Elétricas de Santa Catarina S.A.";"ENERGIA";"Não Dependente";1407123619,82;283575141,12;"SIM";"SIM";"SIM";"832054.27";"SIM";13633512,07;NA;NA;NA;"ENERGIA";"Santa Catarina";"Sul"
"224";"SC";"CENTRO DE INFORMATICA E AUTOMAÇÃO DO ESTADO DE SC S/A";"INFORMÁTICA";"Não Dependente";53484475,92;8117167,59;"SIM";"SIM";"NÃO";"0";"NÃO";NA;NA;NA;NA;"INFORMÁTICA";"Santa Catarina";"Sul"
"225";"SC";"Cia de Habitação do Estado de Santa Catarina S.A. (Em liquidação)";"DESENVOLVIMENTO";"Dependente";-6637738,63;-5855201,29;"NÃO";"SIM";"NÃO";"16893.98";"NÃO";NA;7810602,7;NA;NA;"DESENVOLVIMENTO";"Santa Catarina";"Sul"
"226";"SC";"COMPANHIA CATARINENSE DE AGUAS E SANEAMENTO";"SANEAMENTO";"Não Dependente";12570380,98;119686013;"SIM";"SIM";"SIM";"38170";"NÃO";NA;NA;NA;NA;"SANEAMENTO";"Santa Catarina";"Sul"
"227";"SC";"Companhia de Distritos Industriais de Santa Catarina. (Em Liquidação)";"OUTRO";"Dependente";1801574,89;-245284,29;"SIM";"SIM";"NÃO";"0";"NÃO";NA;NA;1653431,95;NA;"OUTRO";"Santa Catarina";"Sul"
"228";"SC";"Companhia Integrada de Desenvolvimento Agrícola de Santa Catarina";"SERVIÇOS PÚBLICOS";"Dependente";6183072,37;-9425008,77;"SIM";"SIM";"NÃO";"48465.14";"NÃO";NA;182152219,21;NA;NA;"SERVIÇOS PÚBLICOS";"Santa Catarina";"Sul"
"229";"SC";"Empresa de Pesquisa Agropecuária e Extensão Rural de Santa Catarina";"PESQUISA";"Dependente";3645024,43;2422444,71;"SIM";"SIM";"NÃO";"27002.75";"NÃO";NA;324896612,77;NA;NA;"PESQUISA";"Santa Catarina";"Sul"
"230";"SC";"IAZPE IMBITUBA ADMINISTRADORA DA ZONA DE PROCESSAMENTO DE EXPORTAÇÃO SA";"DESENVOLVIMENTO";"Dependente";651483,52;-107300,86;"SIM";"SIM";"NÃO";"868.52";"NÃO";NA;NA;91384,8;NA;"DESENVOLVIMENTO";"Santa Catarina";"Sul"
"231";"SC";"Santa Catarina Participação e Investimentos S/A";"FINANCEIRO";"Não Dependente";-7187190914,6;-803119693,39;"SIM";"SIM";"SIM";"0";"NÃO";NA;NA;NA;NA;"FINANCEIRO";"Santa Catarina";"Sul"
"232";"SC";"SC PARTICIPAÇÕES PARCERIAS S/A";"DESENVOLVIMENTO";"Não Dependente";422274466,04;7220571,74;"SIM";"SIM";"SIM";"19428.14";"NÃO";NA;NA;NA;NA;"DESENVOLVIMENTO";"Santa Catarina";"Sul"
"233";"SP";"CETESB - COMPANHIA AMBIENTAL DO ESTADO DE SÃO PAULO";"SERVIÇOS PÚBLICOS";"Dependente";196439;-24553;"SIM";"SIM";"SIM";"20";"SIM";NA;205716;NA;NA;"SERVIÇOS PÚBLICOS";"São Paulo";"Sudeste"
"234";"SP";"COMPANHIA DE DESENVOLVIMENTO AGRICOLA DE SAO PAULO - CODASP - EM LIQUIDACAO";"OUTRO";"Dependente";1218;-5230;"NÃO";"SIM";"NÃO";"22";"NÃO";NA;23873;NA;NA;"OUTRO";"São Paulo";"Sudeste"
"235";"SP";"COMPANHIA DE DESENVOLVIMENTO HABITACIONAL E URBANO DO ESTADO DE SÃO PAULO - CDHU";"OUTRO";"Não Dependente";10285796;283534;"SIM";"SIM";"SIM";"21";"SIM";NA;NA;371152;NA;"OUTRO";"São Paulo";"Sudeste"
"236";"SP";"COMPANHIA DE PROCESSAMENTO DE DADOS DO ESTADO DE SÃO PAULO - PRODESP";"INFORMÁTICA";"Não Dependente";576390;69889;"SIM";"SIM";"SIM";"45";"SIM";54837;NA;NA;NA;"INFORMÁTICA";"São Paulo";"Sudeste"
"237";"SP";"COMPANHIA DE SANEAMENTO BÁSICO DO ESTADO DE SÃO PAULO - SABESP";"SANEAMENTO";"Não Dependente";21635783;3367517;"SIM";"SIM";"SIM";"33";"SIM";398142;NA;NA;NA;"SANEAMENTO";"São Paulo";"Sudeste"
"238";"SP";"COMPANHIA DO METROPOLITANO DE SÃO PAULO-METRÔ";"TRANSPORTES";"Não Dependente";33145278;-599416;"SIM";"SIM";"SIM";"31";"SIM";NA;NA;1494420;NA;"TRANSPORTES";"São Paulo";"Sudeste"
"239";"SP";"COMPANHIA DOCAS DE SÃO SEBASTIÃO";"OUTRO";"Dependente";242878;8077;"SIM";"SIM";"NÃO";"29";"NÃO";NA;10575;2020;NA;"PORTOS E HIDROVIAS";"São Paulo";"Sudeste"
"240";"SP";"COMPANHIA PAULISTA DE OBRAS E SERVIÇOS - CPOS";"OUTRO";"Não Dependente";67666;309;"SIM";"SIM";"NÃO";"24";"NÃO";NA;NA;NA;NA;"OUTRO";"São Paulo";"Sudeste"
"241";"SP";"COMPANHIA PAULISTA DE PARCERIAS - CPP";"OUTRO";"Não Dependente";1860725;130348;"SIM";"SIM";"NÃO";"30";"SIM";26664;NA;NA;NA;"OUTRO";"São Paulo";"Sudeste"
"242";"SP";"COMPANHIA PAULISTA DE SECURITIZAÇÃO";"FINANCEIRO";"Não Dependente";421072;49539;"SIM";"SIM";"SIM";"22";"NÃO";11606;NA;NA;NA;"FINANCEIRO";"São Paulo";"Sudeste"
"243";"SP";"COMPANHIA PAULISTA DE TRENS METROPOLITANOS - CPTM";"TRANSPORTES";"Dependente";9785350;-237287;"SIM";"SIM";"SIM";"23";"SIM";NA;929813;-1748864;NA;"TRANSPORTES";"São Paulo";"Sudeste"
"244";"SP";"COSESP - COMPANHIA DE SEGUROS DO ESTADO DE SÃO PAULO";"OUTRO";"Não Dependente";141690;16877;"SIM";"SIM";"NÃO";"22";"SIM";37109;NA;NA;NA;"OUTRO";"São Paulo";"Sudeste"
"245";"SP";"DERSA - DESENVOLVIMENTO RODOVIÁRIO S/A";"TRANSPORTES";"Não Dependente";1333333;-125711;"SIM";"SIM";"NÃO";"23";"NÃO";NA;NA;-72174;NA;"TRANSPORTES";"São Paulo";"Sudeste"
"246";"SP";"DESENVOLVE SP - AGÊNCIA DE FOMENTO DO ESTADO DE SÃO PAULO S.A.";"OUTRO";"Não Dependente";1122419;47560;"SIM";"SIM";"SIM";"28";"SIM";11295;NA;NA;NA;"OUTRO";"São Paulo";"Sudeste"
"247";"SP";"EMAE - EMPRESA METROPOLITANA DE ÁGUAS E ENERGIA - AÇÕES ORDINÁRIAS";"ENERGIA";"Não Dependente";990225;92636;"SIM";"SIM";"SIM";"34";"SIM";12727;NA;NA;NA;"ENERGIA";"São Paulo";"Sudeste"
"248";"SP";"EMAE - EMPRESA METROPOLITANA DE ÁGUAS E ENERGIA - AÇÕES PREFERENCIAIS";NA;"Não Informado";NA;NA;NA;NA;NA;NA;NA;NA;NA;NA;NA;"OUTRO";"São Paulo";"Sudeste"
"249";"SP";"EMPRESA METROPOLITANA DE TRANSPORTES URBANOS DE SÃO PAULO S/A - EMTU-SP";"TRANSPORTES";"Não Dependente";2015989;-56040;"SIM";"SIM";"SIM";"24";"SIM";NA;NA;99202;NA;"TRANSPORTES";"São Paulo";"Sudeste"
"250";"SP";"EMPRESA PAULISTA DE PLANEJAMENTO METROPOLITANO S/A- EMPLASA - EM LIQUIDAÇÃO";"OUTRO";"Dependente";28811;-5584;"NÃO";"SIM";"NÃO";"21";"NÃO";NA;46088;637;NA;"OUTRO";"São Paulo";"Sudeste"
"251";"SP";"IMPRENSA OFICIAL DO ESTADO S.A - IMESP";"COMUNICAÇÕES";"Não Dependente";200189;44942;"SIM";"SIM";"SIM";"17";"SIM";141202;NA;NA;NA;"COMUNICAÇÕES";"São Paulo";"Sudeste"
"252";"SP";"INSTITUTO DE PESQUISAS TECNOLÓGICAS DO ESTADO DE SÃO PAULO S/A - IPT";"PESQUISA";"Dependente";114342;1170;"SIM";"SIM";"SIM";"17";"NÃO";NA;84622;1601;NA;"PESQUISA";"São Paulo";"Sudeste"
"253";"SE";"BANCO DO ESTADO DE SERGIPE";"FINANCEIRO";"Não Dependente";433857136;83614519;"SIM";"SIM";"SIM";"16667";"SIM";10224355,57;NA;NA;NA;"FINANCEIRO";"Sergipe";"Nordeste"
"254";"SE";"CIA ESTADUAL DE HABITAÇÃO E OBRAS PÚBLICAS";"OUTRO";"Dependente";105486433;-2478471;"SIM";"SIM";"NÃO";NA;"NÃO";NA;NA;NA;NA;"OUTRO";"Sergipe";"Nordeste"
"255";"SE";"COMPANHIA DE DESENVOLVIMENTO DE RECURSOS HÍDRICOS E IRRIGAÇÃO DE SERGIPE";"ABASTECIMENTO";"Dependente";-8182141,97;-5763160,84;"SIM";"SIM";"NÃO";"14248.89";"NÃO";NA;NA;NA;NA;"ABASTECIMENTO";"Sergipe";"Nordeste"
"256";"SE";"COMPANHIA DE DESENVOLVIMENTO ECONÔMICO DE SERGIPE";"OUTRO";"Dependente";213019890;8513258;"SIM";"SIM";"NÃO";"8100";"NÃO";NA;NA;NA;NA;"OUTRO";"Sergipe";"Nordeste"
"257";"SE";"COMPANHIA DE SANEAMENTO DE SERGIPE";"SANEAMENTO";"Não Dependente";1498077334;770409;"SIM";"SIM";"SIM";NA;"NÃO";NA;NA;115764315;NA;"SANEAMENTO";"Sergipe";"Nordeste"
"258";"SE";"EMPRESA DE DESENVOLVIMENTO AGROPECUARIO DE SERGIPE";"ASSIS. TÉCNICA";"Dependente";-15642280,17;-5780820,84;"SIM";"SIM";"NÃO";"19517.72";"NÃO";NA;NA;NA;NA;"ASSISTÊNCIA TÉCNICA";"Sergipe";"Nordeste"
"259";"SE";"EMPRESA DE DESENVOLVIMENTO SUSTENTÁVEL DO ESTADO DE SERGIPE";"OUTRO";"Dependente";-850130,81;371890,89;"SIM";"SIM";"NÃO";"23895.52";"NÃO";NA;NA;NA;NA;"OUTRO";"Sergipe";"Nordeste"
"260";"SE";"EMPRESA SERGIPANA DE TECNOLOGIA DA INFORMAÇÃO";"INFORMÁTICA";"Dependente";-6710608,18;666111,9;"SIM";"SIM";"NÃO";"14380.67";"NAO";NA;NA;NA;NA;"INFORMÁTICA";"Sergipe";"Nordeste"
"261";"SE";"EMPRESA SERGIPANA DE TURISMO S/A";"DESENVOLVIMENTO";"Dependente";12566333,31;213651,53;"SIM";"SIM";"NÃO";NA;"NÃO";NA;NA;NA;NA;"DESENVOLVIMENTO";"Sergipe";"Nordeste"
"262";"SE";"SERGIPE GÁS S/A - SERGAS";"DISTRIBUIÇÃO DE GÁS";"Não Dependente";52700591,12;1055857,59;"SIM";"SIM";"NÃO";"39544";"SIM";170000;NA;NA;NA;"DISTRIBUIÇÃO DE GÁS";"Sergipe";"Nordeste"
"263";"SE";"SERVIÇOS GRAFICOS DE SERGIPE";"COMUNICAÇÕES";"Não Dependente";4946385,46;-1131258,13;"SIM";"SIM";"NÃO";"10924.26";"NÃO";NA;NA;NA;NA;"COMUNICAÇÕES";"Sergipe";"Nordeste"
